Datetime,Open,High,Low,Close,Adj Close,Volume,Dividends,Stock Splits
2024-08-14 09:30:00-04:00,5.139999866485596,5.179999828338623,5.130000114440918,5.144999980926514,5.144999980926514,359372,0.0,0.0
2024-08-14 09:31:00-04:00,5.144999980926514,5.159999847412109,5.144999980926514,5.15500020980835,5.15500020980835,38129,0.0,0.0
2024-08-14 09:32:00-04:00,5.15500020980835,5.159999847412109,5.135000228881836,5.135000228881836,5.135000228881836,91001,0.0,0.0
2024-08-14 09:33:00-04:00,5.139900207519531,5.159999847412109,5.135000228881836,5.150000095367432,5.150000095367432,146039,0.0,0.0
2024-08-14 09:34:00-04:00,5.149899959564209,5.150000095367432,5.135000228881836,5.149499893188477,5.149499893188477,49805,0.0,0.0
2024-08-14 09:35:00-04:00,5.144999980926514,5.150000095367432,5.139999866485596,5.142499923706055,5.142499923706055,18636,0.0,0.0
2024-08-14 09:36:00-04:00,5.144999980926514,5.144999980926514,5.130000114440918,5.130099773406982,5.130099773406982,12714,0.0,0.0
2024-08-14 09:37:00-04:00,5.139800071716309,5.139999866485596,5.130000114440918,5.133299827575684,5.133299827575684,6218,0.0,0.0
2024-08-14 09:38:00-04:00,5.139900207519531,5.150000095367432,5.135000228881836,5.1468000411987305,5.1468000411987305,16705,0.0,0.0
2024-08-14 09:39:00-04:00,5.144999980926514,5.144999980926514,5.130000114440918,5.135000228881836,5.135000228881836,27865,0.0,0.0
2024-08-14 09:40:00-04:00,5.130099773406982,5.139900207519531,5.114999771118164,5.120100021362305,5.120100021362305,54872,0.0,0.0
2024-08-14 09:41:00-04:00,5.129899978637695,5.130000114440918,5.120100021362305,5.125,5.125,27697,0.0,0.0
2024-08-14 09:42:00-04:00,5.129899978637695,5.129899978637695,5.1016998291015625,5.1016998291015625,5.1016998291015625,36650,0.0,0.0
2024-08-14 09:43:00-04:00,5.105000019073486,5.110000133514404,5.099999904632568,5.105999946594238,5.105999946594238,21373,0.0,0.0
2024-08-14 09:44:00-04:00,5.105000019073486,5.114999771118164,5.100100040435791,5.114999771118164,5.114999771118164,35330,0.0,0.0
2024-08-14 09:45:00-04:00,5.114999771118164,5.1596999168396,5.110000133514404,5.15500020980835,5.15500020980835,26657,0.0,0.0
2024-08-14 09:46:00-04:00,5.15500020980835,5.159999847412109,5.150000095367432,5.150100231170654,5.150100231170654,24155,0.0,0.0
2024-08-14 09:47:00-04:00,5.150000095367432,5.179999828338623,5.140100002288818,5.175000190734863,5.175000190734863,186660,0.0,0.0
2024-08-14 09:48:00-04:00,5.170199871063232,5.179900169372559,5.150100231170654,5.15500020980835,5.15500020980835,64179,0.0,0.0
2024-08-14 09:49:00-04:00,5.150199890136719,5.159999847412109,5.140999794006348,5.140999794006348,5.140999794006348,26848,0.0,0.0
2024-08-14 09:50:00-04:00,5.140900135040283,5.150000095367432,5.140100002288818,5.140100002288818,5.140100002288818,26353,0.0,0.0
2024-08-14 09:51:00-04:00,5.139999866485596,5.144999980926514,5.133999824523926,5.14139986038208,5.14139986038208,19131,0.0,0.0
2024-08-14 09:52:00-04:00,5.140100002288818,5.144999980926514,5.140100002288818,5.144999980926514,5.144999980926514,2086,0.0,0.0
2024-08-14 09:53:00-04:00,5.14709997177124,5.15880012512207,5.139999866485596,5.150000095367432,5.150000095367432,36729,0.0,0.0
2024-08-14 09:54:00-04:00,5.150000095367432,5.158199787139893,5.139999866485596,5.139999866485596,5.139999866485596,25447,0.0,0.0
2024-08-14 09:55:00-04:00,5.144999980926514,5.148600101470947,5.121600151062012,5.121600151062012,5.121600151062012,105479,0.0,0.0
2024-08-14 09:56:00-04:00,5.129899978637695,5.145999908447266,5.119999885559082,5.139999866485596,5.139999866485596,38481,0.0,0.0
2024-08-14 09:57:00-04:00,5.132299900054932,5.15500020980835,5.125,5.150000095367432,5.150000095367432,97282,0.0,0.0
2024-08-14 09:58:00-04:00,5.140900135040283,5.159800052642822,5.139999866485596,5.15500020980835,5.15500020980835,27464,0.0,0.0
2024-08-14 09:59:00-04:00,5.150100231170654,5.15500020980835,5.139999866485596,5.144999980926514,5.144999980926514,9580,0.0,0.0
2024-08-14 10:00:00-04:00,5.150000095367432,5.150000095367432,5.139999866485596,5.139999866485596,5.139999866485596,12071,0.0,0.0
2024-08-14 10:01:00-04:00,5.140100002288818,5.144999980926514,5.130000114440918,5.141200065612793,5.141200065612793,23460,0.0,0.0
2024-08-14 10:02:00-04:00,5.140100002288818,5.150000095367432,5.139999866485596,5.150000095367432,5.150000095367432,13271,0.0,0.0
2024-08-14 10:03:00-04:00,5.148200035095215,5.150000095367432,5.139999866485596,5.144999980926514,5.144999980926514,8648,0.0,0.0
2024-08-14 10:04:00-04:00,5.1417999267578125,5.148799896240234,5.139999866485596,5.140100002288818,5.140100002288818,1373,0.0,0.0
2024-08-14 10:05:00-04:00,5.139999866485596,5.150000095367432,5.130000114440918,5.135000228881836,5.135000228881836,39414,0.0,0.0
2024-08-14 10:06:00-04:00,5.133999824523926,5.139900207519531,5.119999885559082,5.124899864196777,5.124899864196777,118802,0.0,0.0
2024-08-14 10:07:00-04:00,5.119999885559082,5.130000114440918,5.119999885559082,5.125,5.125,10215,0.0,0.0
2024-08-14 10:08:00-04:00,5.130000114440918,5.130000114440918,5.119999885559082,5.125,5.125,8982,0.0,0.0
2024-08-14 10:09:00-04:00,5.125,5.129899978637695,5.119999885559082,5.125,5.125,7577,0.0,0.0
2024-08-14 10:10:00-04:00,5.125,5.130000114440918,5.119999885559082,5.125,5.125,14611,0.0,0.0
2024-08-14 10:11:00-04:00,5.125,5.127799987792969,5.120100021362305,5.125,5.125,7650,0.0,0.0
2024-08-14 10:12:00-04:00,5.124899864196777,5.130000114440918,5.119999885559082,5.125,5.125,20338,0.0,0.0
2024-08-14 10:13:00-04:00,5.125,5.130000114440918,5.124000072479248,5.125,5.125,15725,0.0,0.0
2024-08-14 10:14:00-04:00,5.125,5.135000228881836,5.125,5.132500171661377,5.132500171661377,21857,0.0,0.0
2024-08-14 10:15:00-04:00,5.135000228881836,5.150000095367432,5.130099773406982,5.150000095367432,5.150000095367432,16276,0.0,0.0
2024-08-14 10:16:00-04:00,5.150000095367432,5.15500020980835,5.139999866485596,5.140200138092041,5.140200138092041,64432,0.0,0.0
2024-08-14 10:17:00-04:00,5.139999866485596,5.144999980926514,5.139999866485596,5.140100002288818,5.140100002288818,5095,0.0,0.0
2024-08-14 10:18:00-04:00,5.139999866485596,5.139999866485596,5.130000114440918,5.134200096130371,5.134200096130371,12683,0.0,0.0
2024-08-14 10:19:00-04:00,5.135000228881836,5.139500141143799,5.130300045013428,5.135000228881836,5.135000228881836,2285,0.0,0.0
2024-08-14 10:20:00-04:00,5.135000228881836,5.1350998878479,5.130099773406982,5.135000228881836,5.135000228881836,12653,0.0,0.0
2024-08-14 10:21:00-04:00,5.135000228881836,5.135000228881836,5.130099773406982,5.135000228881836,5.135000228881836,11012,0.0,0.0
2024-08-14 10:22:00-04:00,5.1315999031066895,5.135000228881836,5.130099773406982,5.135000228881836,5.135000228881836,3482,0.0,0.0
2024-08-14 10:23:00-04:00,5.135000228881836,5.139999866485596,5.130000114440918,5.135000228881836,5.135000228881836,32138,0.0,0.0
2024-08-14 10:24:00-04:00,5.135000228881836,5.139900207519531,5.130000114440918,5.132500171661377,5.132500171661377,8820,0.0,0.0
2024-08-14 10:25:00-04:00,5.135000228881836,5.135000228881836,5.130000114440918,5.135000228881836,5.135000228881836,8833,0.0,0.0
2024-08-14 10:26:00-04:00,5.135000228881836,5.135000228881836,5.120100021362305,5.125,5.125,13486,0.0,0.0
2024-08-14 10:27:00-04:00,5.120299816131592,5.129799842834473,5.119999885559082,5.125,5.125,14256,0.0,0.0
2024-08-14 10:28:00-04:00,5.125,5.1265997886657715,5.120100021362305,5.122600078582764,5.122600078582764,1773,0.0,0.0
2024-08-14 10:29:00-04:00,5.125,5.130000114440918,5.121200084686279,5.125,5.125,17195,0.0,0.0
2024-08-14 10:30:00-04:00,5.125,5.129799842834473,5.119999885559082,5.125,5.125,3215,0.0,0.0
2024-08-14 10:31:00-04:00,5.125400066375732,5.130000114440918,5.110000133514404,5.110000133514404,5.110000133514404,48935,0.0,0.0
2024-08-14 10:32:00-04:00,5.111199855804443,5.116399765014648,5.110000133514404,5.114999771118164,5.114999771118164,6420,0.0,0.0
2024-08-14 10:33:00-04:00,5.110099792480469,5.110099792480469,5.090000152587891,5.095099925994873,5.095099925994873,108491,0.0,0.0
2024-08-14 10:34:00-04:00,5.09499979019165,5.099999904632568,5.090000152587891,5.09660005569458,5.09660005569458,30200,0.0,0.0
2024-08-14 10:35:00-04:00,5.09499979019165,5.099999904632568,5.090000152587891,5.099899768829346,5.099899768829346,16355,0.0,0.0
2024-08-14 10:36:00-04:00,5.099999904632568,5.099999904632568,5.0914998054504395,5.093800067901611,5.093800067901611,10775,0.0,0.0
2024-08-14 10:37:00-04:00,5.09499979019165,5.099999904632568,5.090000152587891,5.09499979019165,5.09499979019165,7091,0.0,0.0
2024-08-14 10:38:00-04:00,5.09499979019165,5.09499979019165,5.079999923706055,5.082699775695801,5.082699775695801,13800,0.0,0.0
2024-08-14 10:39:00-04:00,5.085000038146973,5.085000038146973,5.079999923706055,5.085000038146973,5.085000038146973,46913,0.0,0.0
2024-08-14 10:40:00-04:00,5.085000038146973,5.09499979019165,5.0802001953125,5.09499979019165,5.09499979019165,24589,0.0,0.0
2024-08-14 10:41:00-04:00,5.09499979019165,5.099999904632568,5.09499979019165,5.09499979019165,5.09499979019165,16173,0.0,0.0
2024-08-14 10:42:00-04:00,5.098800182342529,5.099899768829346,5.080100059509277,5.080100059509277,5.080100059509277,9206,0.0,0.0
2024-08-14 10:43:00-04:00,5.089799880981445,5.090000152587891,5.080900192260742,5.090000152587891,5.090000152587891,16711,0.0,0.0
2024-08-14 10:44:00-04:00,5.085000038146973,5.087299823760986,5.081200122833252,5.085299968719482,5.085299968719482,5701,0.0,0.0
2024-08-14 10:45:00-04:00,5.085000038146973,5.099999904632568,5.085000038146973,5.099899768829346,5.099899768829346,18850,0.0,0.0
2024-08-14 10:46:00-04:00,5.09499979019165,5.099999904632568,5.090799808502197,5.098800182342529,5.098800182342529,5699,0.0,0.0
2024-08-14 10:47:00-04:00,5.099999904632568,5.099999904632568,5.090000152587891,5.097899913787842,5.097899913787842,14546,0.0,0.0
2024-08-14 10:48:00-04:00,5.098400115966797,5.099999904632568,5.092899799346924,5.09499979019165,5.09499979019165,20557,0.0,0.0
2024-08-14 10:49:00-04:00,5.099999904632568,5.110000133514404,5.093999862670898,5.109899997711182,5.109899997711182,16346,0.0,0.0
2024-08-14 10:50:00-04:00,5.109899997711182,5.119999885559082,5.100100040435791,5.111100196838379,5.111100196838379,49911,0.0,0.0
2024-08-14 10:51:00-04:00,5.114999771118164,5.119999885559082,5.099999904632568,5.102799892425537,5.102799892425537,39440,0.0,0.0
2024-08-14 10:52:00-04:00,5.110000133514404,5.119999885559082,5.103600025177002,5.114999771118164,5.114999771118164,21366,0.0,0.0
2024-08-14 10:53:00-04:00,5.114999771118164,5.125,5.110000133514404,5.125,5.125,70043,0.0,0.0
2024-08-14 10:54:00-04:00,5.125,5.130000114440918,5.119999885559082,5.128900051116943,5.128900051116943,34555,0.0,0.0
2024-08-14 10:55:00-04:00,5.128200054168701,5.130000114440918,5.123499870300293,5.125400066375732,5.125400066375732,26874,0.0,0.0
2024-08-14 10:56:00-04:00,5.125,5.130000114440918,5.099999904632568,5.105000019073486,5.105000019073486,28481,0.0,0.0
2024-08-14 10:57:00-04:00,5.099999904632568,5.099999904632568,5.090099811553955,5.0903000831604,5.0903000831604,14766,0.0,0.0
2024-08-14 10:58:00-04:00,5.099899768829346,5.099899768829346,5.091000080108643,5.0980000495910645,5.0980000495910645,12533,0.0,0.0
2024-08-14 10:59:00-04:00,5.099899768829346,5.099999904632568,5.091400146484375,5.098599910736084,5.098599910736084,8651,0.0,0.0
2024-08-14 11:00:00-04:00,5.09499979019165,5.099999904632568,5.090000152587891,5.090000152587891,5.090000152587891,5176,0.0,0.0
2024-08-14 11:01:00-04:00,5.09499979019165,5.099999904632568,5.09499979019165,5.099999904632568,5.099999904632568,8464,0.0,0.0
2024-08-14 11:02:00-04:00,5.099899768829346,5.105000019073486,5.090099811553955,5.097700119018555,5.097700119018555,36805,0.0,0.0
2024-08-14 11:03:00-04:00,5.098999977111816,5.110000133514404,5.098999977111816,5.109899997711182,5.109899997711182,33906,0.0,0.0
2024-08-14 11:04:00-04:00,5.105299949645996,5.114999771118164,5.105299949645996,5.114999771118164,5.114999771118164,48115,0.0,0.0
2024-08-14 11:05:00-04:00,5.114999771118164,5.118000030517578,5.099999904632568,5.103099822998047,5.103099822998047,20943,0.0,0.0
2024-08-14 11:06:00-04:00,5.100299835205078,5.110000133514404,5.099999904632568,5.099999904632568,5.099999904632568,29670,0.0,0.0
2024-08-14 11:07:00-04:00,5.099999904632568,5.108799934387207,5.099999904632568,5.099999904632568,5.099999904632568,3129,0.0,0.0
2024-08-14 11:08:00-04:00,5.100299835205078,5.105000019073486,5.090000152587891,5.09499979019165,5.09499979019165,22732,0.0,0.0
2024-08-14 11:09:00-04:00,5.09499979019165,5.099899768829346,5.090000152587891,5.09499979019165,5.09499979019165,4766,0.0,0.0
2024-08-14 11:10:00-04:00,5.09499979019165,5.099999904632568,5.09089994430542,5.099999904632568,5.099999904632568,13551,0.0,0.0
2024-08-14 11:11:00-04:00,5.099999904632568,5.107500076293945,5.09499979019165,5.099999904632568,5.099999904632568,24974,0.0,0.0
2024-08-14 11:12:00-04:00,5.099999904632568,5.109899997711182,5.099999904632568,5.105000019073486,5.105000019073486,11174,0.0,0.0
2024-08-14 11:13:00-04:00,5.103300094604492,5.110000133514404,5.103300094604492,5.105000019073486,5.105000019073486,7702,0.0,0.0
2024-08-14 11:14:00-04:00,5.105000019073486,5.107500076293945,5.099999904632568,5.102200031280518,5.102200031280518,4038,0.0,0.0
2024-08-14 11:15:00-04:00,5.110000133514404,5.110000133514404,5.100100040435791,5.105000019073486,5.105000019073486,30904,0.0,0.0
2024-08-14 11:16:00-04:00,5.105000019073486,5.109899997711182,5.099999904632568,5.105000019073486,5.105000019073486,10536,0.0,0.0
2024-08-14 11:17:00-04:00,5.099999904632568,5.105000019073486,5.092800140380859,5.09499979019165,5.09499979019165,15621,0.0,0.0
2024-08-14 11:18:00-04:00,5.093999862670898,5.099899768829346,5.090000152587891,5.09499979019165,5.09499979019165,11079,0.0,0.0
2024-08-14 11:19:00-04:00,5.099899768829346,5.099899768829346,5.09250020980835,5.09499979019165,5.09499979019165,3050,0.0,0.0
2024-08-14 11:20:00-04:00,5.09499979019165,5.09499979019165,5.090000152587891,5.09499979019165,5.09499979019165,4225,0.0,0.0
2024-08-14 11:21:00-04:00,5.09499979019165,5.099999904632568,5.084799766540527,5.09499979019165,5.09499979019165,64210,0.0,0.0
2024-08-14 11:22:00-04:00,5.090099811553955,5.09499979019165,5.090099811553955,5.09499979019165,5.09499979019165,5080,0.0,0.0
2024-08-14 11:23:00-04:00,5.09499979019165,5.0995001792907715,5.090000152587891,5.090000152587891,5.090000152587891,9654,0.0,0.0
2024-08-14 11:24:00-04:00,5.099899768829346,5.099899768829346,5.09499979019165,5.09499979019165,5.09499979019165,1496,0.0,0.0
2024-08-14 11:25:00-04:00,5.099899768829346,5.099899768829346,5.090099811553955,5.092899799346924,5.092899799346924,4299,0.0,0.0
2024-08-14 11:26:00-04:00,5.095200061798096,5.099699974060059,5.090099811553955,5.09499979019165,5.09499979019165,2273,0.0,0.0
2024-08-14 11:27:00-04:00,5.09499979019165,5.09499979019165,5.091000080108643,5.09499979019165,5.09499979019165,24618,0.0,0.0
2024-08-14 11:28:00-04:00,5.09499979019165,5.09499979019165,5.090000152587891,5.09499979019165,5.09499979019165,10573,0.0,0.0
2024-08-14 11:29:00-04:00,5.090000152587891,5.099899768829346,5.090000152587891,5.09499979019165,5.09499979019165,4663,0.0,0.0
2024-08-14 11:30:00-04:00,5.0903000831604,5.09499979019165,5.090000152587891,5.09499979019165,5.09499979019165,7025,0.0,0.0
2024-08-14 11:31:00-04:00,5.090000152587891,5.098199844360352,5.090000152587891,5.090000152587891,5.090000152587891,8684,0.0,0.0
2024-08-14 11:32:00-04:00,5.09499979019165,5.099999904632568,5.090000152587891,5.09499979019165,5.09499979019165,2209,0.0,0.0
2024-08-14 11:33:00-04:00,5.090000152587891,5.099999904632568,5.090000152587891,5.09499979019165,5.09499979019165,11175,0.0,0.0
2024-08-14 11:34:00-04:00,5.09499979019165,5.105000019073486,5.091400146484375,5.105000019073486,5.105000019073486,47757,0.0,0.0
2024-08-14 11:35:00-04:00,5.105000019073486,5.109899997711182,5.099999904632568,5.105000019073486,5.105000019073486,12147,0.0,0.0
2024-08-14 11:36:00-04:00,5.103000164031982,5.110000133514404,5.099999904632568,5.105000019073486,5.105000019073486,7494,0.0,0.0
2024-08-14 11:37:00-04:00,5.105000019073486,5.109899997711182,5.105000019073486,5.105000019073486,5.105000019073486,6571,0.0,0.0
2024-08-14 11:38:00-04:00,5.105000019073486,5.105000019073486,5.10230016708374,5.102399826049805,5.102399826049805,2701,0.0,0.0
2024-08-14 11:39:00-04:00,5.109899997711182,5.110000133514404,5.101200103759766,5.105000019073486,5.105000019073486,12243,0.0,0.0
2024-08-14 11:40:00-04:00,5.1066999435424805,5.1066999435424805,5.099999904632568,5.105000019073486,5.105000019073486,13043,0.0,0.0
2024-08-14 11:41:00-04:00,5.101799964904785,5.105000019073486,5.099999904632568,5.099999904632568,5.099999904632568,19941,0.0,0.0
2024-08-14 11:42:00-04:00,5.09499979019165,5.099999904632568,5.090000152587891,5.09499979019165,5.09499979019165,21588,0.0,0.0
2024-08-14 11:43:00-04:00,5.093800067901611,5.0971999168396,5.091899871826172,5.091899871826172,5.091899871826172,2764,0.0,0.0
2024-08-14 11:44:00-04:00,5.099999904632568,5.099999904632568,5.09499979019165,5.09499979019165,5.09499979019165,12576,0.0,0.0
2024-08-14 11:45:00-04:00,5.099999904632568,5.099999904632568,5.090000152587891,5.09499979019165,5.09499979019165,4304,0.0,0.0
2024-08-14 11:46:00-04:00,5.096700191497803,5.096700191497803,5.090099811553955,5.09499979019165,5.09499979019165,2508,0.0,0.0
2024-08-14 11:47:00-04:00,5.09499979019165,5.09499979019165,5.090000152587891,5.09499979019165,5.09499979019165,1761,0.0,0.0
2024-08-14 11:48:00-04:00,5.099800109863281,5.099800109863281,5.09089994430542,5.09499979019165,5.09499979019165,1136,0.0,0.0
2024-08-14 11:49:00-04:00,5.093299865722656,5.0960001945495605,5.079999923706055,5.085000038146973,5.085000038146973,21430,0.0,0.0
2024-08-14 11:50:00-04:00,5.090000152587891,5.090000152587891,5.079999923706055,5.089700222015381,5.089700222015381,8862,0.0,0.0
2024-08-14 11:51:00-04:00,5.085000038146973,5.090000152587891,5.079999923706055,5.081200122833252,5.081200122833252,11056,0.0,0.0
2024-08-14 11:52:00-04:00,5.085000038146973,5.090000152587891,5.079999923706055,5.085000038146973,5.085000038146973,7921,0.0,0.0
2024-08-14 11:53:00-04:00,5.085000038146973,5.089700222015381,5.079999923706055,5.089700222015381,5.089700222015381,4941,0.0,0.0
2024-08-14 11:54:00-04:00,5.085000038146973,5.085000038146973,5.080100059509277,5.085000038146973,5.085000038146973,2391,0.0,0.0
2024-08-14 11:55:00-04:00,5.085000038146973,5.089900016784668,5.079999923706055,5.079999923706055,5.079999923706055,3116,0.0,0.0
2024-08-14 11:56:00-04:00,5.085000038146973,5.090000152587891,5.081200122833252,5.085000038146973,5.085000038146973,6306,0.0,0.0
2024-08-14 11:57:00-04:00,5.085000038146973,5.090000152587891,5.080100059509277,5.080100059509277,5.080100059509277,9427,0.0,0.0
2024-08-14 11:58:00-04:00,5.079999923706055,5.090000152587891,5.079999923706055,5.087900161743164,5.087900161743164,7385,0.0,0.0
2024-08-14 11:59:00-04:00,5.085000038146973,5.089900016784668,5.080100059509277,5.085000038146973,5.085000038146973,6422,0.0,0.0
2024-08-14 12:00:00-04:00,5.085000038146973,5.089799880981445,5.085000038146973,5.089799880981445,5.089799880981445,8547,0.0,0.0
2024-08-14 12:01:00-04:00,5.089900016784668,5.090000152587891,5.082699775695801,5.090000152587891,5.090000152587891,3597,0.0,0.0
2024-08-14 12:02:00-04:00,5.090000152587891,5.119999885559082,5.090000152587891,5.119999885559082,5.119999885559082,49233,0.0,0.0
2024-08-14 12:03:00-04:00,5.114999771118164,5.119999885559082,5.110000133514404,5.110099792480469,5.110099792480469,43180,0.0,0.0
2024-08-14 12:04:00-04:00,5.112800121307373,5.114999771118164,5.112800121307373,5.114999771118164,5.114999771118164,748,0.0,0.0
2024-08-14 12:05:00-04:00,5.114999771118164,5.114999771118164,5.110000133514404,5.114999771118164,5.114999771118164,13846,0.0,0.0
2024-08-14 12:06:00-04:00,5.114999771118164,5.130000114440918,5.114999771118164,5.129899978637695,5.129899978637695,26674,0.0,0.0
2024-08-14 12:07:00-04:00,5.130000114440918,5.139999866485596,5.104000091552734,5.105000019073486,5.105000019073486,84386,0.0,0.0
2024-08-14 12:08:00-04:00,5.105000019073486,5.109899997711182,5.09499979019165,5.09499979019165,5.09499979019165,16941,0.0,0.0
2024-08-14 12:09:00-04:00,5.096700191497803,5.096700191497803,5.09499979019165,5.09499979019165,5.09499979019165,547,0.0,0.0
2024-08-14 12:10:00-04:00,5.090000152587891,5.09499979019165,5.090000152587891,5.090099811553955,5.090099811553955,11535,0.0,0.0
2024-08-14 12:11:00-04:00,5.090000152587891,5.099899768829346,5.079999923706055,5.079999923706055,5.079999923706055,38207,0.0,0.0
2024-08-14 12:12:00-04:00,5.088500022888184,5.090000152587891,5.079999923706055,5.090000152587891,5.090000152587891,29456,0.0,0.0
2024-08-14 12:13:00-04:00,5.089799880981445,5.089799880981445,5.079999923706055,5.085000038146973,5.085000038146973,8830,0.0,0.0
2024-08-14 12:14:00-04:00,5.085000038146973,5.085000038146973,5.070000171661377,5.073999881744385,5.073999881744385,55442,0.0,0.0
2024-08-14 12:15:00-04:00,5.070099830627441,5.079999923706055,5.070000171661377,5.070099830627441,5.070099830627441,10763,0.0,0.0
2024-08-14 12:16:00-04:00,5.079899787902832,5.079899787902832,5.070000171661377,5.079899787902832,5.079899787902832,10609,0.0,0.0
2024-08-14 12:17:00-04:00,5.074999809265137,5.079999923706055,5.070099830627441,5.077499866485596,5.077499866485596,11998,0.0,0.0
2024-08-14 12:18:00-04:00,5.071199893951416,5.079899787902832,5.070000171661377,5.074999809265137,5.074999809265137,3064,0.0,0.0
2024-08-14 12:19:00-04:00,5.070899963378906,5.079899787902832,5.070000171661377,5.074999809265137,5.074999809265137,20907,0.0,0.0
2024-08-14 12:20:00-04:00,5.074999809265137,5.079999923706055,5.070000171661377,5.076900005340576,5.076900005340576,6816,0.0,0.0
2024-08-14 12:21:00-04:00,5.072299957275391,5.079899787902832,5.070000171661377,5.079800128936768,5.079800128936768,15084,0.0,0.0
2024-08-14 12:22:00-04:00,5.070000171661377,5.074999809265137,5.059999942779541,5.059999942779541,5.059999942779541,38946,0.0,0.0
2024-08-14 12:23:00-04:00,5.059999942779541,5.065000057220459,5.051199913024902,5.05709981918335,5.05709981918335,42087,0.0,0.0
2024-08-14 12:24:00-04:00,5.059899806976318,5.059999942779541,5.050000190734863,5.054999828338623,5.054999828338623,12678,0.0,0.0
2024-08-14 12:25:00-04:00,5.054999828338623,5.059899806976318,5.050000190734863,5.054999828338623,5.054999828338623,5746,0.0,0.0
2024-08-14 12:26:00-04:00,5.054999828338623,5.059999942779541,5.050000190734863,5.053899765014648,5.053899765014648,4380,0.0,0.0
2024-08-14 12:27:00-04:00,5.058000087738037,5.059999942779541,5.050000190734863,5.054999828338623,5.054999828338623,12172,0.0,0.0
2024-08-14 12:28:00-04:00,5.050000190734863,5.065000057220459,5.050000190734863,5.065000057220459,5.065000057220459,30329,0.0,0.0
2024-08-14 12:29:00-04:00,5.069300174713135,5.069900035858154,5.065000057220459,5.065000057220459,5.065000057220459,10943,0.0,0.0
2024-08-14 12:30:00-04:00,5.069900035858154,5.070000171661377,5.059999942779541,5.070000171661377,5.070000171661377,15903,0.0,0.0
2024-08-14 12:31:00-04:00,5.064300060272217,5.065000057220459,5.0640997886657715,5.065000057220459,5.065000057220459,5374,0.0,0.0
2024-08-14 12:32:00-04:00,5.059999942779541,5.070000171661377,5.059999942779541,5.070000171661377,5.070000171661377,6355,0.0,0.0
2024-08-14 12:33:00-04:00,5.0609002113342285,5.067999839782715,5.060100078582764,5.065000057220459,5.065000057220459,6006,0.0,0.0
2024-08-14 12:34:00-04:00,5.060299873352051,5.074999809265137,5.060299873352051,5.070000171661377,5.070000171661377,9254,0.0,0.0
2024-08-14 12:35:00-04:00,5.074999809265137,5.079899787902832,5.070000171661377,5.070000171661377,5.070000171661377,20734,0.0,0.0
2024-08-14 12:36:00-04:00,5.065000057220459,5.070000171661377,5.065000057220459,5.066800117492676,5.066800117492676,2494,0.0,0.0
2024-08-14 12:37:00-04:00,5.06850004196167,5.06850004196167,5.059999942779541,5.06850004196167,5.06850004196167,2394,0.0,0.0
2024-08-14 12:38:00-04:00,5.065000057220459,5.06879997253418,5.063300132751465,5.063300132751465,5.063300132751465,1130,0.0,0.0
2024-08-14 12:39:00-04:00,5.069900035858154,5.069900035858154,5.061500072479248,5.061500072479248,5.061500072479248,796,0.0,0.0
2024-08-14 12:40:00-04:00,5.059999942779541,5.069900035858154,5.059999942779541,5.063300132751465,5.063300132751465,2272,0.0,0.0
2024-08-14 12:41:00-04:00,5.065000057220459,5.069799900054932,5.059999942779541,5.063199996948242,5.063199996948242,3387,0.0,0.0
2024-08-14 12:42:00-04:00,5.063399791717529,5.066999912261963,5.059999942779541,5.060200214385986,5.060200214385986,3654,0.0,0.0
2024-08-14 12:43:00-04:00,5.065000057220459,5.067999839782715,5.050000190734863,5.050000190734863,5.050000190734863,18838,0.0,0.0
2024-08-14 12:44:00-04:00,5.050000190734863,5.054999828338623,5.039999961853027,5.039999961853027,5.039999961853027,90571,0.0,0.0
2024-08-14 12:45:00-04:00,5.045000076293945,5.050000190734863,5.039999961853027,5.042099952697754,5.042099952697754,23828,0.0,0.0
2024-08-14 12:46:00-04:00,5.043399810791016,5.049699783325195,5.03000020980835,5.03980016708374,5.03980016708374,40172,0.0,0.0
2024-08-14 12:47:00-04:00,5.034999847412109,5.039700031280518,5.03000020980835,5.037099838256836,5.037099838256836,12791,0.0,0.0
2024-08-14 12:48:00-04:00,5.034999847412109,5.039999961853027,5.03000020980835,5.034999847412109,5.034999847412109,24644,0.0,0.0
2024-08-14 12:49:00-04:00,5.030900001525879,5.045000076293945,5.03000020980835,5.045000076293945,5.045000076293945,29155,0.0,0.0
2024-08-14 12:50:00-04:00,5.045000076293945,5.050000190734863,5.045000076293945,5.049900054931641,5.049900054931641,10630,0.0,0.0
2024-08-14 12:51:00-04:00,5.048799991607666,5.050000190734863,5.042500019073486,5.047999858856201,5.047999858856201,8888,0.0,0.0
2024-08-14 12:52:00-04:00,5.039999961853027,5.050000190734863,5.039999961853027,5.046000003814697,5.046000003814697,16146,0.0,0.0
2024-08-14 12:53:00-04:00,5.04010009765625,5.050000190734863,5.04010009765625,5.046599864959717,5.046599864959717,3743,0.0,0.0
2024-08-14 12:54:00-04:00,5.048399925231934,5.050000190734863,5.045000076293945,5.045000076293945,5.045000076293945,9301,0.0,0.0
2024-08-14 12:55:00-04:00,5.045000076293945,5.046899795532227,5.039999961853027,5.045000076293945,5.045000076293945,15790,0.0,0.0
2024-08-14 12:56:00-04:00,5.045000076293945,5.049900054931641,5.039999961853027,5.045000076293945,5.045000076293945,3892,0.0,0.0
2024-08-14 12:57:00-04:00,5.041399955749512,5.045000076293945,5.03000020980835,5.039899826049805,5.039899826049805,41191,0.0,0.0
2024-08-14 12:58:00-04:00,5.039999961853027,5.039999961853027,5.03000020980835,5.039100170135498,5.039100170135498,6456,0.0,0.0
2024-08-14 12:59:00-04:00,5.034999847412109,5.059999942779541,5.03000020980835,5.050000190734863,5.050000190734863,76057,0.0,0.0
2024-08-14 13:00:00-04:00,5.04010009765625,5.048900127410889,5.039999961853027,5.039999961853027,5.039999961853027,5308,0.0,0.0
2024-08-14 13:01:00-04:00,5.043000221252441,5.048900127410889,5.039999961853027,5.039999961853027,5.039999961853027,4355,0.0,0.0
2024-08-14 13:02:00-04:00,5.043300151824951,5.043300151824951,5.03000020980835,5.037700176239014,5.037700176239014,14960,0.0,0.0
2024-08-14 13:03:00-04:00,5.034999847412109,5.035699844360352,5.03000020980835,5.034999847412109,5.034999847412109,9375,0.0,0.0
2024-08-14 13:04:00-04:00,5.039899826049805,5.039899826049805,5.0320000648498535,5.0320000648498535,5.0320000648498535,9464,0.0,0.0
2024-08-14 13:05:00-04:00,5.036600112915039,5.039999961853027,5.034999847412109,5.039899826049805,5.039899826049805,3343,0.0,0.0
2024-08-14 13:06:00-04:00,5.039599895477295,5.039999961853027,5.03000020980835,5.034999847412109,5.034999847412109,9693,0.0,0.0
2024-08-14 13:07:00-04:00,5.034999847412109,5.039999961853027,5.03000020980835,5.034999847412109,5.034999847412109,8421,0.0,0.0
2024-08-14 13:08:00-04:00,5.03000020980835,5.039899826049805,5.03000020980835,5.034999847412109,5.034999847412109,3458,0.0,0.0
2024-08-14 13:09:00-04:00,5.034999847412109,5.039999961853027,5.0320000648498535,5.034999847412109,5.034999847412109,4726,0.0,0.0
2024-08-14 13:10:00-04:00,5.036600112915039,5.039899826049805,5.03000020980835,5.034999847412109,5.034999847412109,5817,0.0,0.0
2024-08-14 13:11:00-04:00,5.034999847412109,5.034999847412109,5.03000020980835,5.034999847412109,5.034999847412109,5493,0.0,0.0
2024-08-14 13:12:00-04:00,5.034999847412109,5.039999961853027,5.034999847412109,5.035299777984619,5.035299777984619,2203,0.0,0.0
2024-08-14 13:13:00-04:00,5.034999847412109,5.039999961853027,5.030099868774414,5.034999847412109,5.034999847412109,1707,0.0,0.0
2024-08-14 13:14:00-04:00,5.034999847412109,5.039899826049805,5.03000020980835,5.034999847412109,5.034999847412109,11263,0.0,0.0
2024-08-14 13:15:00-04:00,5.034999847412109,5.039999961853027,5.031000137329102,5.034999847412109,5.034999847412109,10800,0.0,0.0
2024-08-14 13:16:00-04:00,5.034999847412109,5.039700031280518,5.03000020980835,5.034999847412109,5.034999847412109,3916,0.0,0.0
2024-08-14 13:17:00-04:00,5.034999847412109,5.039999961853027,5.03000020980835,5.036200046539307,5.036200046539307,8338,0.0,0.0
2024-08-14 13:18:00-04:00,5.039899826049805,5.039999961853027,5.03000020980835,5.03879976272583,5.03879976272583,10712,0.0,0.0
2024-08-14 13:19:00-04:00,5.034999847412109,5.034999847412109,5.019999980926514,5.025000095367432,5.025000095367432,142851,0.0,0.0
2024-08-14 13:20:00-04:00,5.027900218963623,5.03000020980835,5.020100116729736,5.025000095367432,5.025000095367432,7826,0.0,0.0
2024-08-14 13:21:00-04:00,5.023499965667725,5.03000020980835,5.019999980926514,5.025000095367432,5.025000095367432,19346,0.0,0.0
2024-08-14 13:22:00-04:00,5.029699802398682,5.029900074005127,5.021200180053711,5.025000095367432,5.025000095367432,3092,0.0,0.0
2024-08-14 13:23:00-04:00,5.025000095367432,5.046000003814697,5.019999980926514,5.046000003814697,5.046000003814697,101648,0.0,0.0
2024-08-14 13:24:00-04:00,5.046000003814697,5.049900054931641,5.039999961853027,5.043000221252441,5.043000221252441,7934,0.0,0.0
2024-08-14 13:25:00-04:00,5.041100025177002,5.048699855804443,5.03000020980835,5.034999847412109,5.034999847412109,56285,0.0,0.0
2024-08-14 13:26:00-04:00,5.031199932098389,5.031199932098389,5.019999980926514,5.019999980926514,5.019999980926514,54100,0.0,0.0
2024-08-14 13:27:00-04:00,5.029900074005127,5.029900074005127,5.019999980926514,5.025000095367432,5.025000095367432,6016,0.0,0.0
2024-08-14 13:28:00-04:00,5.03000020980835,5.03000020980835,5.020100116729736,5.025000095367432,5.025000095367432,3120,0.0,0.0
2024-08-14 13:29:00-04:00,5.025000095367432,5.03000020980835,5.023499965667725,5.025000095367432,5.025000095367432,1056,0.0,0.0
2024-08-14 13:30:00-04:00,5.026800155639648,5.03000020980835,5.019999980926514,5.025000095367432,5.025000095367432,10085,0.0,0.0
2024-08-14 13:31:00-04:00,5.029900074005127,5.029900074005127,5.019999980926514,5.025000095367432,5.025000095367432,12416,0.0,0.0
2024-08-14 13:32:00-04:00,5.027500152587891,5.03000020980835,5.025000095367432,5.025000095367432,5.025000095367432,3145,0.0,0.0
2024-08-14 13:33:00-04:00,5.025000095367432,5.025599956512451,5.025000095367432,5.025000095367432,5.025000095367432,808,0.0,0.0
2024-08-14 13:34:00-04:00,5.025000095367432,5.03000020980835,5.019999980926514,5.025000095367432,5.025000095367432,5497,0.0,0.0
2024-08-14 13:35:00-04:00,5.03000020980835,5.03000020980835,5.019999980926514,5.026700019836426,5.026700019836426,12290,0.0,0.0
2024-08-14 13:36:00-04:00,5.0269999504089355,5.03000020980835,5.021200180053711,5.029699802398682,5.029699802398682,4625,0.0,0.0
2024-08-14 13:37:00-04:00,5.025000095367432,5.029900074005127,5.019999980926514,5.029699802398682,5.029699802398682,3424,0.0,0.0
2024-08-14 13:38:00-04:00,5.019999980926514,5.029900074005127,5.019999980926514,5.025000095367432,5.025000095367432,5155,0.0,0.0
2024-08-14 13:39:00-04:00,5.019999980926514,5.029900074005127,5.019999980926514,5.025000095367432,5.025000095367432,13224,0.0,0.0
2024-08-14 13:40:00-04:00,5.025000095367432,5.03000020980835,5.019999980926514,5.019999980926514,5.019999980926514,5296,0.0,0.0
2024-08-14 13:41:00-04:00,5.025000095367432,5.029399871826172,5.019999980926514,5.025000095367432,5.025000095367432,5229,0.0,0.0
2024-08-14 13:42:00-04:00,5.026599884033203,5.03000020980835,5.019999980926514,5.03000020980835,5.03000020980835,12441,0.0,0.0
2024-08-14 13:43:00-04:00,5.025000095367432,5.03000020980835,5.019999980926514,5.025000095367432,5.025000095367432,15228,0.0,0.0
2024-08-14 13:44:00-04:00,5.029900074005127,5.029900074005127,5.020100116729736,5.026800155639648,5.026800155639648,6035,0.0,0.0
2024-08-14 13:45:00-04:00,5.026299953460693,5.029900074005127,5.019999980926514,5.019999980926514,5.019999980926514,16928,0.0,0.0
2024-08-14 13:46:00-04:00,5.025000095367432,5.025000095367432,5.010000228881836,5.025000095367432,5.025000095367432,62798,0.0,0.0
2024-08-14 13:47:00-04:00,5.026400089263916,5.027699947357178,5.025000095367432,5.025000095367432,5.025000095367432,4822,0.0,0.0
2024-08-14 13:48:00-04:00,5.025000095367432,5.029900074005127,5.020100116729736,5.020100116729736,5.020100116729736,6969,0.0,0.0
2024-08-14 13:49:00-04:00,5.025000095367432,5.03000020980835,5.024099826812744,5.025000095367432,5.025000095367432,3516,0.0,0.0
2024-08-14 13:50:00-04:00,5.025000095367432,5.03000020980835,5.020999908447266,5.025000095367432,5.025000095367432,8502,0.0,0.0
2024-08-14 13:51:00-04:00,5.025000095367432,5.03000020980835,5.019999980926514,5.019999980926514,5.019999980926514,53616,0.0,0.0
2024-08-14 13:52:00-04:00,5.021200180053711,5.0279998779296875,5.021200180053711,5.025000095367432,5.025000095367432,8911,0.0,0.0
2024-08-14 13:53:00-04:00,5.025000095367432,5.039999961853027,5.025000095367432,5.034999847412109,5.034999847412109,20145,0.0,0.0
2024-08-14 13:54:00-04:00,5.039999961853027,5.045000076293945,5.035299777984619,5.045000076293945,5.045000076293945,22585,0.0,0.0
2024-08-14 13:55:00-04:00,5.045000076293945,5.049900054931641,5.039999961853027,5.046299934387207,5.046299934387207,6675,0.0,0.0
2024-08-14 13:56:00-04:00,5.044000148773193,5.046800136566162,5.044000148773193,5.046800136566162,5.046800136566162,4167,0.0,0.0
2024-08-14 13:57:00-04:00,5.039999961853027,5.045000076293945,5.039999961853027,5.045000076293945,5.045000076293945,4996,0.0,0.0
2024-08-14 13:58:00-04:00,5.044000148773193,5.049099922180176,5.039999961853027,5.039999961853027,5.039999961853027,4395,0.0,0.0
2024-08-14 13:59:00-04:00,5.048699855804443,5.048699855804443,5.039999961853027,5.045000076293945,5.045000076293945,1321,0.0,0.0
2024-08-14 14:00:00-04:00,5.045000076293945,5.049099922180176,5.034999847412109,5.034999847412109,5.034999847412109,7921,0.0,0.0
2024-08-14 14:01:00-04:00,5.03000020980835,5.039000034332275,5.03000020980835,5.03000020980835,5.03000020980835,11633,0.0,0.0
2024-08-14 14:02:00-04:00,5.03000020980835,5.03000020980835,5.025000095367432,5.028200149536133,5.028200149536133,5662,0.0,0.0
2024-08-14 14:03:00-04:00,5.021699905395508,5.026599884033203,5.019999980926514,5.019999980926514,5.019999980926514,4514,0.0,0.0
2024-08-14 14:04:00-04:00,5.020299911499023,5.029099941253662,5.019999980926514,5.027699947357178,5.027699947357178,4865,0.0,0.0
2024-08-14 14:05:00-04:00,5.028600215911865,5.028600215911865,5.019999980926514,5.019999980926514,5.019999980926514,5708,0.0,0.0
2024-08-14 14:06:00-04:00,5.0278000831604,5.0278000831604,5.026599884033203,5.026599884033203,5.026599884033203,1160,0.0,0.0
2024-08-14 14:07:00-04:00,5.025000095367432,5.03000020980835,5.019999980926514,5.019999980926514,5.019999980926514,4214,0.0,0.0
2024-08-14 14:08:00-04:00,5.029900074005127,5.029900074005127,5.0243000984191895,5.025000095367432,5.025000095367432,2629,0.0,0.0
2024-08-14 14:09:00-04:00,5.025000095367432,5.025000095367432,5.019999980926514,5.025000095367432,5.025000095367432,2089,0.0,0.0
2024-08-14 14:10:00-04:00,5.025000095367432,5.03000020980835,5.025000095367432,5.026000022888184,5.026000022888184,3686,0.0,0.0
2024-08-14 14:11:00-04:00,5.025000095367432,5.025000095367432,5.019999980926514,5.025000095367432,5.025000095367432,5175,0.0,0.0
2024-08-14 14:12:00-04:00,5.0269999504089355,5.03000020980835,5.019999980926514,5.029699802398682,5.029699802398682,10501,0.0,0.0
2024-08-14 14:13:00-04:00,5.019999980926514,5.03000020980835,5.019999980926514,5.025000095367432,5.025000095367432,2393,0.0,0.0
2024-08-14 14:16:00-04:00,5.03000020980835,5.03000020980835,5.019999980926514,5.019999980926514,5.019999980926514,8523,0.0,0.0
2024-08-14 14:17:00-04:00,5.020100116729736,5.029900074005127,5.020100116729736,5.025000095367432,5.025000095367432,6503,0.0,0.0
2024-08-14 14:18:00-04:00,5.025000095367432,5.025599956512451,5.019999980926514,5.025000095367432,5.025000095367432,4422,0.0,0.0
2024-08-14 14:19:00-04:00,5.025300025939941,5.025300025939941,5.019999980926514,5.019999980926514,5.019999980926514,1559,0.0,0.0
2024-08-14 14:20:00-04:00,5.029200077056885,5.029200077056885,5.019999980926514,5.019999980926514,5.019999980926514,9806,0.0,0.0
2024-08-14 14:21:00-04:00,5.025000095367432,5.03000020980835,5.019999980926514,5.026299953460693,5.026299953460693,2538,0.0,0.0
2024-08-14 14:22:00-04:00,5.025000095367432,5.025400161743164,5.025000095367432,5.025000095367432,5.025000095367432,581,0.0,0.0
2024-08-14 14:23:00-04:00,5.029699802398682,5.029699802398682,5.020100116729736,5.020100116729736,5.020100116729736,1962,0.0,0.0
2024-08-14 14:24:00-04:00,5.027299880981445,5.029900074005127,5.019999980926514,5.023099899291992,5.023099899291992,3281,0.0,0.0
2024-08-14 14:25:00-04:00,5.029200077056885,5.029799938201904,5.022200107574463,5.029799938201904,5.029799938201904,3532,0.0,0.0
2024-08-14 14:26:00-04:00,5.0289998054504395,5.03000020980835,5.019999980926514,5.03000020980835,5.03000020980835,2731,0.0,0.0
2024-08-14 14:27:00-04:00,5.025000095367432,5.025000095367432,5.025000095367432,5.025000095367432,5.025000095367432,1677,0.0,0.0
2024-08-14 14:28:00-04:00,5.025000095367432,5.025000095367432,5.019999980926514,5.025000095367432,5.025000095367432,1222,0.0,0.0
2024-08-14 14:29:00-04:00,5.025000095367432,5.03000020980835,5.025000095367432,5.025000095367432,5.025000095367432,2392,0.0,0.0
2024-08-14 14:30:00-04:00,5.025000095367432,5.025000095367432,5.020100116729736,5.025000095367432,5.025000095367432,1099,0.0,0.0
2024-08-14 14:31:00-04:00,5.03000020980835,5.03000020980835,5.019999980926514,5.03000020980835,5.03000020980835,10005,0.0,0.0
2024-08-14 14:32:00-04:00,5.029900074005127,5.03000020980835,5.019999980926514,5.029900074005127,5.029900074005127,7045,0.0,0.0
2024-08-14 14:33:00-04:00,5.025000095367432,5.029900074005127,5.019999980926514,5.019999980926514,5.019999980926514,8422,0.0,0.0
2024-08-14 14:34:00-04:00,5.02869987487793,5.02869987487793,5.019999980926514,5.019999980926514,5.019999980926514,5618,0.0,0.0
2024-08-14 14:35:00-04:00,5.025000095367432,5.029200077056885,5.019999980926514,5.029200077056885,5.029200077056885,9059,0.0,0.0
2024-08-14 14:36:00-04:00,5.019999980926514,5.02869987487793,5.019999980926514,5.025000095367432,5.025000095367432,10642,0.0,0.0
2024-08-14 14:37:00-04:00,5.03000020980835,5.03000020980835,5.025000095367432,5.025000095367432,5.025000095367432,2207,0.0,0.0
2024-08-14 14:38:00-04:00,5.019999980926514,5.029900074005127,5.019999980926514,5.025000095367432,5.025000095367432,1929,0.0,0.0
2024-08-14 14:39:00-04:00,5.025000095367432,5.025000095367432,5.019999980926514,5.019999980926514,5.019999980926514,1230,0.0,0.0
2024-08-14 14:40:00-04:00,5.0269999504089355,5.029900074005127,5.019999980926514,5.025000095367432,5.025000095367432,3828,0.0,0.0
2024-08-14 14:41:00-04:00,5.026500225067139,5.029900074005127,5.019999980926514,5.019999980926514,5.019999980926514,13877,0.0,0.0
2024-08-14 14:42:00-04:00,5.025000095367432,5.029300212860107,5.019999980926514,5.029300212860107,5.029300212860107,4397,0.0,0.0
2024-08-14 14:43:00-04:00,5.019999980926514,5.03000020980835,5.019999980926514,5.019999980926514,5.019999980926514,9654,0.0,0.0
2024-08-14 14:44:00-04:00,5.019999980926514,5.03000020980835,5.019999980926514,5.019999980926514,5.019999980926514,36792,0.0,0.0
2024-08-14 14:45:00-04:00,5.025000095367432,5.029799938201904,5.019999980926514,5.019999980926514,5.019999980926514,9224,0.0,0.0
2024-08-14 14:46:00-04:00,5.019999980926514,5.019999980926514,4.980000019073486,4.994999885559082,4.994999885559082,454386,0.0,0.0
2024-08-14 14:47:00-04:00,4.996699810028076,5.010000228881836,4.994999885559082,5.008800029754639,5.008800029754639,28007,0.0,0.0
2024-08-14 14:48:00-04:00,5.005000114440918,5.010000228881836,5.003600120544434,5.009699821472168,5.009699821472168,13465,0.0,0.0
2024-08-14 14:49:00-04:00,5.005000114440918,5.019899845123291,5.005000114440918,5.014999866485596,5.014999866485596,14814,0.0,0.0
2024-08-14 14:50:00-04:00,5.018799781799316,5.018799781799316,5.014999866485596,5.014999866485596,5.014999866485596,3898,0.0,0.0
2024-08-14 14:51:00-04:00,5.019700050354004,5.019899845123291,5.010000228881836,5.010000228881836,5.010000228881836,2048,0.0,0.0
2024-08-14 14:52:00-04:00,5.019899845123291,5.019999980926514,5.010700225830078,5.01200008392334,5.01200008392334,10089,0.0,0.0
2024-08-14 14:53:00-04:00,5.019999980926514,5.019999980926514,5.014999866485596,5.014999866485596,5.014999866485596,1667,0.0,0.0
2024-08-14 14:54:00-04:00,5.019899845123291,5.03000020980835,5.014999866485596,5.03000020980835,5.03000020980835,31581,0.0,0.0
2024-08-14 14:55:00-04:00,5.020299911499023,5.029900074005127,5.020299911499023,5.025000095367432,5.025000095367432,10166,0.0,0.0
2024-08-14 14:56:00-04:00,5.020100116729736,5.03000020980835,5.019999980926514,5.03000020980835,5.03000020980835,3522,0.0,0.0
2024-08-14 14:57:00-04:00,5.025000095367432,5.028500080108643,5.025000095367432,5.025000095367432,5.025000095367432,1857,0.0,0.0
2024-08-14 14:58:00-04:00,5.03000020980835,5.039999961853027,5.025000095367432,5.039999961853027,5.039999961853027,52935,0.0,0.0
2024-08-14 14:59:00-04:00,5.034999847412109,5.039999961853027,5.033199787139893,5.039999961853027,5.039999961853027,5360,0.0,0.0
2024-08-14 15:00:00-04:00,5.034999847412109,5.039999961853027,5.034999847412109,5.0370001792907715,5.0370001792907715,5321,0.0,0.0
2024-08-14 15:01:00-04:00,5.03000020980835,5.03980016708374,5.03000020980835,5.037700176239014,5.037700176239014,9784,0.0,0.0
2024-08-14 15:02:00-04:00,5.030099868774414,5.034999847412109,5.03000020980835,5.034999847412109,5.034999847412109,22070,0.0,0.0
2024-08-14 15:03:00-04:00,5.034999847412109,5.034999847412109,5.025000095367432,5.025000095367432,5.025000095367432,19849,0.0,0.0
2024-08-14 15:04:00-04:00,5.021200180053711,5.029900074005127,5.021200180053711,5.025000095367432,5.025000095367432,2088,0.0,0.0
2024-08-14 15:05:00-04:00,5.026899814605713,5.029900074005127,5.019999980926514,5.019999980926514,5.019999980926514,16939,0.0,0.0
2024-08-14 15:06:00-04:00,5.029900074005127,5.029900074005127,5.019999980926514,5.025000095367432,5.025000095367432,3601,0.0,0.0
2024-08-14 15:07:00-04:00,5.0243000984191895,5.029900074005127,5.019999980926514,5.026500225067139,5.026500225067139,1911,0.0,0.0
2024-08-14 15:08:00-04:00,5.019999980926514,5.03000020980835,5.019999980926514,5.025000095367432,5.025000095367432,13406,0.0,0.0
2024-08-14 15:09:00-04:00,5.025000095367432,5.025000095367432,5.010000228881836,5.014999866485596,5.014999866485596,17582,0.0,0.0
2024-08-14 15:10:00-04:00,5.010000228881836,5.019899845123291,5.010000228881836,5.019899845123291,5.019899845123291,3463,0.0,0.0
2024-08-14 15:11:00-04:00,5.0100998878479,5.029900074005127,5.010000228881836,5.029900074005127,5.029900074005127,34666,0.0,0.0
2024-08-14 15:12:00-04:00,5.025000095367432,5.03000020980835,5.025000095367432,5.025000095367432,5.025000095367432,2741,0.0,0.0
2024-08-14 15:13:00-04:00,5.025000095367432,5.027200222015381,5.019999980926514,5.025000095367432,5.025000095367432,1629,0.0,0.0
2024-08-14 15:14:00-04:00,5.025000095367432,5.025000095367432,5.010000228881836,5.014999866485596,5.014999866485596,8743,0.0,0.0
2024-08-14 15:15:00-04:00,5.010000228881836,5.025000095367432,5.010000228881836,5.020100116729736,5.020100116729736,22042,0.0,0.0
2024-08-14 15:16:00-04:00,5.025000095367432,5.025000095367432,5.021200180053711,5.021200180053711,5.021200180053711,641,0.0,0.0
2024-08-14 15:17:00-04:00,5.019999980926514,5.028800010681152,5.019999980926514,5.023399829864502,5.023399829864502,4446,0.0,0.0
2024-08-14 15:18:00-04:00,5.025000095367432,5.025000095367432,5.025000095367432,5.025000095367432,5.025000095367432,1029,0.0,0.0
2024-08-14 15:19:00-04:00,5.025000095367432,5.03000020980835,5.019999980926514,5.026400089263916,5.026400089263916,7006,0.0,0.0
2024-08-14 15:20:00-04:00,5.025000095367432,5.025000095367432,5.019999980926514,5.025000095367432,5.025000095367432,3003,0.0,0.0
2024-08-14 15:21:00-04:00,5.019999980926514,5.029900074005127,5.019999980926514,5.019999980926514,5.019999980926514,6943,0.0,0.0
2024-08-14 15:22:00-04:00,5.025000095367432,5.03000020980835,5.019999980926514,5.03000020980835,5.03000020980835,8269,0.0,0.0
2024-08-14 15:23:00-04:00,5.025000095367432,5.045000076293945,5.025000095367432,5.045000076293945,5.045000076293945,62327,0.0,0.0
2024-08-14 15:24:00-04:00,5.045000076293945,5.045000076293945,5.0416998863220215,5.045000076293945,5.045000076293945,3824,0.0,0.0
2024-08-14 15:25:00-04:00,5.046000003814697,5.046599864959717,5.039999961853027,5.045000076293945,5.045000076293945,24510,0.0,0.0
2024-08-14 15:26:00-04:00,5.045000076293945,5.0472002029418945,5.039999961853027,5.039999961853027,5.039999961853027,6243,0.0,0.0
2024-08-14 15:27:00-04:00,5.045000076293945,5.045000076293945,5.041200160980225,5.045000076293945,5.045000076293945,4312,0.0,0.0
2024-08-14 15:28:00-04:00,5.045000076293945,5.049900054931641,5.039999961853027,5.045000076293945,5.045000076293945,4022,0.0,0.0
2024-08-14 15:29:00-04:00,5.045000076293945,5.046199798583984,5.039999961853027,5.039999961853027,5.039999961853027,3609,0.0,0.0
2024-08-14 15:30:00-04:00,5.045000076293945,5.049900054931641,5.034999847412109,5.039999961853027,5.039999961853027,48202,0.0,0.0
2024-08-14 15:31:00-04:00,5.045000076293945,5.050000190734863,5.04010009765625,5.045000076293945,5.045000076293945,7622,0.0,0.0
2024-08-14 15:32:00-04:00,5.040299892425537,5.049900054931641,5.040299892425537,5.043499946594238,5.043499946594238,6187,0.0,0.0
2024-08-14 15:33:00-04:00,5.050000190734863,5.050000190734863,5.04010009765625,5.045000076293945,5.045000076293945,2068,0.0,0.0
2024-08-14 15:34:00-04:00,5.045000076293945,5.045000076293945,5.039999961853027,5.045000076293945,5.045000076293945,6003,0.0,0.0
2024-08-14 15:35:00-04:00,5.045000076293945,5.050000190734863,5.045000076293945,5.046500205993652,5.046500205993652,2450,0.0,0.0
2024-08-14 15:36:00-04:00,5.045000076293945,5.049900054931641,5.045000076293945,5.045000076293945,5.045000076293945,3319,0.0,0.0
2024-08-14 15:37:00-04:00,5.045000076293945,5.045000076293945,5.04010009765625,5.045000076293945,5.045000076293945,1839,0.0,0.0
2024-08-14 15:38:00-04:00,5.0406999588012695,5.046999931335449,5.039999961853027,5.046999931335449,5.046999931335449,3597,0.0,0.0
2024-08-14 15:39:00-04:00,5.04010009765625,5.046000003814697,5.04010009765625,5.046000003814697,5.046000003814697,2265,0.0,0.0
2024-08-14 15:40:00-04:00,5.045000076293945,5.059899806976318,5.045000076293945,5.053999900817871,5.053999900817871,56241,0.0,0.0
2024-08-14 15:41:00-04:00,5.054999828338623,5.070000171661377,5.054999828338623,5.070000171661377,5.070000171661377,110510,0.0,0.0
2024-08-14 15:42:00-04:00,5.070000171661377,5.070000171661377,5.059999942779541,5.070000171661377,5.070000171661377,23581,0.0,0.0
2024-08-14 15:43:00-04:00,5.069900035858154,5.070000171661377,5.060699939727783,5.065000057220459,5.065000057220459,53504,0.0,0.0
2024-08-14 15:44:00-04:00,5.065000057220459,5.070000171661377,5.065000057220459,5.065000057220459,5.065000057220459,6120,0.0,0.0
2024-08-14 15:45:00-04:00,5.061399936676025,5.067500114440918,5.059999942779541,5.065000057220459,5.065000057220459,14620,0.0,0.0
2024-08-14 15:46:00-04:00,5.060299873352051,5.072400093078613,5.059999942779541,5.072400093078613,5.072400093078613,24978,0.0,0.0
2024-08-14 15:47:00-04:00,5.076499938964844,5.076499938964844,5.070000171661377,5.074999809265137,5.074999809265137,14101,0.0,0.0
2024-08-14 15:48:00-04:00,5.079899787902832,5.079999923706055,5.070300102233887,5.072299957275391,5.072299957275391,11993,0.0,0.0
2024-08-14 15:49:00-04:00,5.074999809265137,5.079999923706055,5.059999942779541,5.070000171661377,5.070000171661377,34873,0.0,0.0
2024-08-14 15:50:00-04:00,5.070000171661377,5.090000152587891,5.059999942779541,5.079999923706055,5.079999923706055,93408,0.0,0.0
2024-08-14 15:51:00-04:00,5.081699848175049,5.090000152587891,5.079999923706055,5.085000038146973,5.085000038146973,60586,0.0,0.0
2024-08-14 15:52:00-04:00,5.080100059509277,5.089200019836426,5.079999923706055,5.079999923706055,5.079999923706055,38573,0.0,0.0
2024-08-14 15:53:00-04:00,5.085000038146973,5.088699817657471,5.074999809265137,5.085000038146973,5.085000038146973,29463,0.0,0.0
2024-08-14 15:54:00-04:00,5.085000038146973,5.090000152587891,5.079999923706055,5.085000038146973,5.085000038146973,19130,0.0,0.0
2024-08-14 15:55:00-04:00,5.085000038146973,5.087800025939941,5.079999923706055,5.079999923706055,5.079999923706055,50407,0.0,0.0
2024-08-14 15:56:00-04:00,5.085000038146973,5.090000152587891,5.070000171661377,5.077300071716309,5.077300071716309,93657,0.0,0.0
2024-08-14 15:57:00-04:00,5.074999809265137,5.079999923706055,5.070000171661377,5.074999809265137,5.074999809265137,24963,0.0,0.0
2024-08-14 15:58:00-04:00,5.074999809265137,5.119999885559082,5.074999809265137,5.114999771118164,5.114999771118164,459912,0.0,0.0
2024-08-14 15:59:00-04:00,5.110000133514404,5.130000114440918,5.110000133514404,5.125,5.125,361287,0.0,0.0
